url,title
https://www.gmpplus.org/feed-certification-scheme/scheme-documents/framework/f00/,F0.0 Introduction on the GMP+ FC scheme 2020
https://www.gmpplus.org/feed-certification-scheme/scheme-documents/framework/f01/,F0.1 Rights and Obligations
https://www.gmpplus.org/feed-certification-scheme/scheme-documents/framework/f02/,F0.2 Definition list
https://www.gmpplus.org/feed-certification-scheme/scheme-documents/framework/f03/,F0.3 Scopes for certification
https://www.gmpplus.org/feed-certification-scheme/scheme-documents/framework/f04/,F0.4 Trade sanctions policy
https://www.gmpplus.org/feed-certification-scheme/scheme-documents/framework/f05/,F0.5 Dispute procedure
https://www.gmpplus.org/feed-certification-scheme/scheme-documents/fsa-requirements/r10/,R1.0 Feed Safety Management System Requirements
https://www.gmpplus.org/feed-certification-scheme/scheme-documents/fsa-requirements/ts11/,TS1.1 Specifications and limits for feed safety
https://www.gmpplus.org/feed-certification-scheme/scheme-documents/fsa-requirements/ts12/,TS1.2 Specific requirements for purchasing
https://www.gmpplus.org/feed-certification-scheme/scheme-documents/fsa-requirements/ts13/,TS1.3 Specific requirements for incoming goods
https://www.gmpplus.org/feed-certification-scheme/scheme-documents/fsa-requirements/ts14/,TS1.4 Forbidden substances and products
https://www.gmpplus.org/feed-certification-scheme/scheme-documents/fsa-requirements/ts15/,TS1.5 Specific feed safety limits
https://www.gmpplus.org/feed-certification-scheme/scheme-documents/fsa-requirements/ts16/,TS1.6 Sampling
https://www.gmpplus.org/feed-certification-scheme/scheme-documents/fsa-requirements/ts17-new/,TS1.7 Monitoring
https://www.gmpplus.org/feed-certification-scheme/scheme-documents/fsa-requirements/aflatoxine-b1-protocol/,TS1.7 Aflatoxin B1 Protocol
https://www.gmpplus.org/feed-certification-scheme/scheme-documents/fsa-requirements/ts17-monitoring/,TS1.7 Monitoring Summary
https://www.gmpplus.org/feed-certification-scheme/scheme-documents/fsa-requirements/ts18/,TS1.8 Recall and Traceability
https://www.gmpplus.org/feed-certification-scheme/scheme-documents/fsa-requirements/ts19/,TS1.9 Labelling and delivery
https://www.gmpplus.org/feed-certification-scheme/scheme-documents/fsa-requirements/ts110/,TS1.10 Transport
https://www.gmpplus.org/feed-certification-scheme/scheme-documents/fsa-requirements/ts111/,TS1.11 Storage
https://www.gmpplus.org/feed-certification-scheme/scheme-documents/fsa-requirements/ts21/,TS2.1 Country Notes
https://www.gmpplus.org/feed-certification-scheme/scheme-documents/fsa-requirements/ts22-new/,TS2.2 new Country Notes
https://www.gmpplus.org/feed-certification-scheme/scheme-documents/fsa-requirements/ts22/,TS2.2 Country Notes
https://www.gmpplus.org/feed-certification-scheme/scheme-documents/fsa-requirements/ts23/,TS2.3 Hygiene Codes
https://www.gmpplus.org/feed-certification-scheme/scheme-documents/fsa-requirements/ts31/,TS3.1 Approved standards
https://www.gmpplus.org/feed-certification-scheme/scheme-documents/fsa-requirements/ts32/,TS3.2 Equivalence requirements
https://www.gmpplus.org/feed-certification-scheme/scheme-documents/fsa-requirements/ts33/,TS3.3 Scope extension
https://www.gmpplus.org/feed-certification-scheme/scheme-documents/fsa-requirements/ts41/,TS4.1 Registered laboratories management
https://www.gmpplus.org/feed-certification-scheme/scheme-documents/fsa-requirements/ts42/,TS4.2 Registered laboratories
https://www.gmpplus.org/feed-certification-scheme/scheme-documents/fra-requirements/r50/,R5.0 Feed Responsibility Management Systems Requirements
https://www.gmpplus.org/feed-certification-scheme/scheme-documents/fra-requirements/mi51/,MI5.1 RTRS
https://www.gmpplus.org/feed-certification-scheme/scheme-documents/fra-requirements/mi52/,MI5.2 Responsible Pig and Poultry Feed
https://www.gmpplus.org/feed-certification-scheme/scheme-documents/fra-requirements/mi53/,MI5.3 Responsible Dairy Feed
https://www.gmpplus.org/feed-certification-scheme/scheme-documents/fra-requirements/mi54/,MI5.4 GMO Controlled
https://www.gmpplus.org/feed-certification-scheme/scheme-documents/fra-requirements/mi55/,MI5.5 Carbon Footprint of Feed
https://www.gmpplus.org/feed-certification-scheme/scheme-documents/fra-requirements/mi56/,MI5.6 Responsible Feed
https://www.gmpplus.org/feed-certification-scheme/scheme-documents/requirements-cb/cr10/,CR1.0 Acceptation requirements
https://www.gmpplus.org/feed-certification-scheme/scheme-documents/requirements-cb/cr20/,CR2.0 Assessment and Certification FSA scopes
https://www.gmpplus.org/feed-certification-scheme/scheme-documents/requirements-cb/cr30/,CR3.0 Assessment and Certification FRA scopes
https://www.gmpplus.org/feed-certification-scheme/scheme-documents/requirements-cb/cr40/,CR4.0 Tariffs 2026
https://www.gmpplus.org/feed-certification-scheme/scheme-documents/support/s91/,S9.1 List of changes
https://www.gmpplus.org/feed-certification-scheme/scheme-documents/support/s93/,S9.3 Explanation of GMP+ feed chain
https://www.gmpplus.org/feed-certification-scheme/scheme-documents/support/s94/,S9.4 Applying HACCP assessment
https://www.gmpplus.org/feed-certification-scheme/scheme-documents/support/s95/,S9.5 Legislation and relation to GMP+ FC scheme
https://www.gmpplus.org/feed-certification-scheme/scheme-documents/support/s96/,S9.6 HACCP Transport Reader Guide
https://www.gmpplus.org/feed-certification-scheme/scheme-documents/support/s97/,S9.7 How to execute supplier assessments
https://www.gmpplus.org/feed-certification-scheme/scheme-documents/support/s98/,S9.8 How to develop traceability systems
https://www.gmpplus.org/feed-certification-scheme/scheme-documents/support/s99/,S9.9 Executing a successful recall
https://www.gmpplus.org/feed-certification-scheme/scheme-documents/support/s910/,S9.10 Common daily practice company documents
https://www.gmpplus.org/feed-certification-scheme/scheme-documents/support/s911/,S9.11 QA Transport
https://www.gmpplus.org/feed-certification-scheme/scheme-documents/support/s912/,S9.12 How to prevent Feed Fraud
https://www.gmpplus.org/feed-certification-scheme/scheme-documents/support/s913/,S9.13 FAQ Residue of pesticides in feed
https://www.gmpplus.org/feed-certification-scheme/scheme-documents/support/s914/,S9.14 Examples of methods for measuring carry-over
https://www.gmpplus.org/feed-certification-scheme/scheme-documents/support/s931/,S9.31 How to use the GMP+ Monitoring database
https://www.gmpplus.org/feed-certification-scheme/scheme-documents/support/s934/,S9.34 Antibiotic-free feed FAQ
https://www.gmpplus.org/feed-certification-scheme/scheme-documents/support/s935/,S9.35 Country Note QM Milch FAQ
https://www.gmpplus.org/feed-certification-scheme/scheme-documents/support/s936/,S9.36 Registered Laboratories FAQ
https://www.gmpplus.org/feed-certification-scheme/scheme-documents/support/s937/,S9.37 FRA Module FAQ
https://www.gmpplus.org/feed-certification-scheme/scheme-documents/support/s941/,S9.41 Insects in feed
https://www.gmpplus.org/feed-certification-scheme/scheme-documents/support/s991/,S9.91 Transition Procedure
https://www.gmpplus.org/feed-certification-scheme/scheme-documents/support/s992/,S9.92 From GMP+ FC 2010 to 2020 FAQ
https://www.gmpplus.org/feed-certification-scheme/scheme-documents/support/s993/,S9.93 Transition certified companies
https://www.gmpplus.org/feed-certification-scheme/scheme-documents/support/s994/,S9.94 Transition Certification Bodies
https://www.gmpplus.org/feed-certification-scheme/scheme-documents/support/s995/,S9.95 Transition Cross reference tables
